{
  "project_info": {
    "project_number": "48361881361",
    "firebase_url": "https://mnsfcmapp.firebaseio.com",
    "project_id": "mnsfcmapp",
    "storage_bucket": "mnsfcmapp.appspot.com"
  },
  "client": [
    {
      "client_info": {
        "mobilesdk_app_id": "1:48361881361:android:0a4e1e7d50722fd7",
        "android_client_info": {
          "package_name": "com.mobilenetsoft.mnsfcmapp"
        }
      },
      "oauth_client": [
        {
          "client_id": "48361881361-uk9qfogc6u55lh37j78g3214b5aa5jkv.apps.googleusercontent.com",
          "client_type": 1,
          "android_info": {
            "package_name": "com.mobilenetsoft.mnsfcmapp",
            "certificate_hash": "d36a14bfeae6b340167569227fc8b0c827d65798"
          }
        },
        {
          "client_id": "48361881361-eadk22q1skjg0efof2d071snadstdbsc.apps.googleusercontent.com",
          "client_type": 3
        }
      ],
      "api_key": [
        {
          "current_key": "AIzaSyCfmKfim_lf4_Lt1dgEY3VbEi5kLrF_cAA"
        }
      ],
      "services": {
        "appinvite_service": {
          "other_platform_oauth_client": [
            {
              "client_id": "48361881361-eadk22q1skjg0efof2d071snadstdbsc.apps.googleusercontent.com",
              "client_type": 3
            }
          ]
        }
      }
    }
  ],
  "configuration_version": "1"
}